emoji,int,hex
ğŸ€€,126976,0x1f000
ğŸ€,126977,0x1f001
ğŸ€‚,126978,0x1f002
ğŸ€ƒ,126979,0x1f003
ğŸ€„,126980,0x1f004
ğŸ€…,126981,0x1f005
ğŸ€†,126982,0x1f006
ğŸ€‡,126983,0x1f007
ğŸ€ˆ,126984,0x1f008
ğŸ€‰,126985,0x1f009
ğŸ€Š,126986,0x1f00a
ğŸ€‹,126987,0x1f00b
ğŸ€Œ,126988,0x1f00c
ğŸ€,126989,0x1f00d
ğŸ€,126990,0x1f00e
ğŸ€,126991,0x1f00f
ğŸ€,126992,0x1f010
ğŸ€‘,126993,0x1f011
ğŸ€’,126994,0x1f012
ğŸ€“,126995,0x1f013
ğŸ€”,126996,0x1f014
ğŸ€•,126997,0x1f015
ğŸ€–,126998,0x1f016
ğŸ€—,126999,0x1f017
ğŸ€˜,127000,0x1f018
ğŸ€™,127001,0x1f019
ğŸ€š,127002,0x1f01a
ğŸ€›,127003,0x1f01b
ğŸ€œ,127004,0x1f01c
ğŸ€,127005,0x1f01d
ğŸ€,127006,0x1f01e
ğŸ€Ÿ,127007,0x1f01f
ğŸ€ ,127008,0x1f020
ğŸ€¡,127009,0x1f021
ğŸ€¢,127010,0x1f022
ğŸ€£,127011,0x1f023
ğŸ€¤,127012,0x1f024
ğŸ€¥,127013,0x1f025
ğŸ€¦,127014,0x1f026
ğŸ€§,127015,0x1f027
ğŸ€¨,127016,0x1f028
ğŸ€©,127017,0x1f029
ğŸ€ª,127018,0x1f02a
ğŸ€«,127019,0x1f02b
ğŸ€¬,127020,0x1f02c
ğŸ€­,127021,0x1f02d
ğŸ€®,127022,0x1f02e
ğŸ€¯,127023,0x1f02f
ğŸ€°,127024,0x1f030
ğŸ€±,127025,0x1f031
ğŸ€²,127026,0x1f032
ğŸ€³,127027,0x1f033
ğŸ€´,127028,0x1f034
ğŸ€µ,127029,0x1f035
ğŸ€¶,127030,0x1f036
ğŸ€·,127031,0x1f037
ğŸ€¸,127032,0x1f038
ğŸ€¹,127033,0x1f039
ğŸ€º,127034,0x1f03a
ğŸ€»,127035,0x1f03b
ğŸ€¼,127036,0x1f03c
ğŸ€½,127037,0x1f03d
ğŸ€¾,127038,0x1f03e
ğŸ€¿,127039,0x1f03f
ğŸ€,127040,0x1f040
ğŸ,127041,0x1f041
ğŸ‚,127042,0x1f042
ğŸƒ,127043,0x1f043
ğŸ„,127044,0x1f044
ğŸ…,127045,0x1f045
ğŸ†,127046,0x1f046
ğŸ‡,127047,0x1f047
ğŸˆ,127048,0x1f048
ğŸ‰,127049,0x1f049
ğŸŠ,127050,0x1f04a
ğŸ‹,127051,0x1f04b
ğŸŒ,127052,0x1f04c
ğŸ,127053,0x1f04d
ğŸ,127054,0x1f04e
ğŸ,127055,0x1f04f
ğŸ,127056,0x1f050
ğŸ‘,127057,0x1f051
ğŸ’,127058,0x1f052
ğŸ“,127059,0x1f053
ğŸ”,127060,0x1f054
ğŸ•,127061,0x1f055
ğŸ–,127062,0x1f056
ğŸ—,127063,0x1f057
ğŸ˜,127064,0x1f058
ğŸ™,127065,0x1f059
ğŸš,127066,0x1f05a
ğŸ›,127067,0x1f05b
ğŸœ,127068,0x1f05c
ğŸ,127069,0x1f05d
ğŸ,127070,0x1f05e
ğŸŸ,127071,0x1f05f
ğŸ ,127072,0x1f060
ğŸ¡,127073,0x1f061
ğŸ¢,127074,0x1f062
ğŸ£,127075,0x1f063
ğŸ¤,127076,0x1f064
ğŸ¥,127077,0x1f065
ğŸ¦,127078,0x1f066
ğŸ§,127079,0x1f067
ğŸ¨,127080,0x1f068
ğŸ©,127081,0x1f069
ğŸª,127082,0x1f06a
ğŸ«,127083,0x1f06b
ğŸ¬,127084,0x1f06c
ğŸ­,127085,0x1f06d
ğŸ®,127086,0x1f06e
ğŸ¯,127087,0x1f06f
ğŸ°,127088,0x1f070
ğŸ±,127089,0x1f071
ğŸ²,127090,0x1f072
ğŸ³,127091,0x1f073
ğŸ´,127092,0x1f074
ğŸµ,127093,0x1f075
ğŸ¶,127094,0x1f076
ğŸ·,127095,0x1f077
ğŸ¸,127096,0x1f078
ğŸ¹,127097,0x1f079
ğŸº,127098,0x1f07a
ğŸ»,127099,0x1f07b
ğŸ¼,127100,0x1f07c
ğŸ½,127101,0x1f07d
ğŸ¾,127102,0x1f07e
ğŸ¿,127103,0x1f07f
ğŸ‚€,127104,0x1f080
ğŸ‚,127105,0x1f081
ğŸ‚‚,127106,0x1f082
ğŸ‚ƒ,127107,0x1f083
ğŸ‚„,127108,0x1f084
ğŸ‚…,127109,0x1f085
ğŸ‚†,127110,0x1f086
ğŸ‚‡,127111,0x1f087
ğŸ‚ˆ,127112,0x1f088
ğŸ‚‰,127113,0x1f089
ğŸ‚Š,127114,0x1f08a
ğŸ‚‹,127115,0x1f08b
ğŸ‚Œ,127116,0x1f08c
ğŸ‚,127117,0x1f08d
ğŸ‚,127118,0x1f08e
ğŸ‚,127119,0x1f08f
ğŸ‚,127120,0x1f090
ğŸ‚‘,127121,0x1f091
ğŸ‚’,127122,0x1f092
ğŸ‚“,127123,0x1f093
ğŸ‚”,127124,0x1f094
ğŸ‚•,127125,0x1f095
ğŸ‚–,127126,0x1f096
ğŸ‚—,127127,0x1f097
ğŸ‚˜,127128,0x1f098
ğŸ‚™,127129,0x1f099
ğŸ‚š,127130,0x1f09a
ğŸ‚›,127131,0x1f09b
ğŸ‚œ,127132,0x1f09c
ğŸ‚,127133,0x1f09d
ğŸ‚,127134,0x1f09e
ğŸ‚Ÿ,127135,0x1f09f
ğŸ‚ ,127136,0x1f0a0
ğŸ‚¡,127137,0x1f0a1
ğŸ‚¢,127138,0x1f0a2
ğŸ‚£,127139,0x1f0a3
ğŸ‚¤,127140,0x1f0a4
ğŸ‚¥,127141,0x1f0a5
ğŸ‚¦,127142,0x1f0a6
ğŸ‚§,127143,0x1f0a7
ğŸ‚¨,127144,0x1f0a8
ğŸ‚©,127145,0x1f0a9
ğŸ‚ª,127146,0x1f0aa
ğŸ‚«,127147,0x1f0ab
ğŸ‚¬,127148,0x1f0ac
ğŸ‚­,127149,0x1f0ad
ğŸ‚®,127150,0x1f0ae
ğŸ‚¯,127151,0x1f0af
ğŸ‚°,127152,0x1f0b0
ğŸ‚±,127153,0x1f0b1
ğŸ‚²,127154,0x1f0b2
ğŸ‚³,127155,0x1f0b3
ğŸ‚´,127156,0x1f0b4
ğŸ‚µ,127157,0x1f0b5
ğŸ‚¶,127158,0x1f0b6
ğŸ‚·,127159,0x1f0b7
ğŸ‚¸,127160,0x1f0b8
ğŸ‚¹,127161,0x1f0b9
ğŸ‚º,127162,0x1f0ba
ğŸ‚»,127163,0x1f0bb
ğŸ‚¼,127164,0x1f0bc
ğŸ‚½,127165,0x1f0bd
ğŸ‚¾,127166,0x1f0be
ğŸ‚¿,127167,0x1f0bf
ğŸƒ€,127168,0x1f0c0
ğŸƒ,127169,0x1f0c1
ğŸƒ‚,127170,0x1f0c2
ğŸƒƒ,127171,0x1f0c3
ğŸƒ„,127172,0x1f0c4
ğŸƒ…,127173,0x1f0c5
ğŸƒ†,127174,0x1f0c6
ğŸƒ‡,127175,0x1f0c7
ğŸƒˆ,127176,0x1f0c8
ğŸƒ‰,127177,0x1f0c9
ğŸƒŠ,127178,0x1f0ca
ğŸƒ‹,127179,0x1f0cb
ğŸƒŒ,127180,0x1f0cc
ğŸƒ,127181,0x1f0cd
ğŸƒ,127182,0x1f0ce
ğŸƒ,127183,0x1f0cf
ğŸƒ,127184,0x1f0d0
ğŸƒ‘,127185,0x1f0d1
ğŸƒ’,127186,0x1f0d2
ğŸƒ“,127187,0x1f0d3
ğŸƒ”,127188,0x1f0d4
ğŸƒ•,127189,0x1f0d5
ğŸƒ–,127190,0x1f0d6
ğŸƒ—,127191,0x1f0d7
ğŸƒ˜,127192,0x1f0d8
ğŸƒ™,127193,0x1f0d9
ğŸƒš,127194,0x1f0da
ğŸƒ›,127195,0x1f0db
ğŸƒœ,127196,0x1f0dc
ğŸƒ,127197,0x1f0dd
ğŸƒ,127198,0x1f0de
ğŸƒŸ,127199,0x1f0df
ğŸƒ ,127200,0x1f0e0
ğŸƒ¡,127201,0x1f0e1
ğŸƒ¢,127202,0x1f0e2
ğŸƒ£,127203,0x1f0e3
ğŸƒ¤,127204,0x1f0e4
ğŸƒ¥,127205,0x1f0e5
ğŸƒ¦,127206,0x1f0e6
ğŸƒ§,127207,0x1f0e7
ğŸƒ¨,127208,0x1f0e8
ğŸƒ©,127209,0x1f0e9
ğŸƒª,127210,0x1f0ea
ğŸƒ«,127211,0x1f0eb
ğŸƒ¬,127212,0x1f0ec
ğŸƒ­,127213,0x1f0ed
ğŸƒ®,127214,0x1f0ee
ğŸƒ¯,127215,0x1f0ef
ğŸƒ°,127216,0x1f0f0
ğŸƒ±,127217,0x1f0f1
ğŸƒ²,127218,0x1f0f2
ğŸƒ³,127219,0x1f0f3
ğŸƒ´,127220,0x1f0f4
ğŸƒµ,127221,0x1f0f5
ğŸƒ¶,127222,0x1f0f6
ğŸƒ·,127223,0x1f0f7
ğŸƒ¸,127224,0x1f0f8
ğŸƒ¹,127225,0x1f0f9
ğŸƒº,127226,0x1f0fa
ğŸƒ»,127227,0x1f0fb
ğŸƒ¼,127228,0x1f0fc
ğŸƒ½,127229,0x1f0fd
ğŸƒ¾,127230,0x1f0fe
ğŸƒ¿,127231,0x1f0ff
ğŸ„€,127232,0x1f100
ğŸ„,127233,0x1f101
ğŸ„‚,127234,0x1f102
ğŸ„ƒ,127235,0x1f103
ğŸ„„,127236,0x1f104
ğŸ„…,127237,0x1f105
ğŸ„†,127238,0x1f106
ğŸ„‡,127239,0x1f107
ğŸ„ˆ,127240,0x1f108
ğŸ„‰,127241,0x1f109
ğŸ„Š,127242,0x1f10a
ğŸ„‹,127243,0x1f10b
ğŸ„Œ,127244,0x1f10c
ğŸ„,127245,0x1f10d
ğŸ„,127246,0x1f10e
ğŸ„,127247,0x1f10f
ğŸ„,127248,0x1f110
ğŸ„‘,127249,0x1f111
ğŸ„’,127250,0x1f112
ğŸ„“,127251,0x1f113
ğŸ„”,127252,0x1f114
ğŸ„•,127253,0x1f115
ğŸ„–,127254,0x1f116
ğŸ„—,127255,0x1f117
ğŸ„˜,127256,0x1f118
ğŸ„™,127257,0x1f119
ğŸ„š,127258,0x1f11a
ğŸ„›,127259,0x1f11b
ğŸ„œ,127260,0x1f11c
ğŸ„,127261,0x1f11d
ğŸ„,127262,0x1f11e
ğŸ„Ÿ,127263,0x1f11f
ğŸ„ ,127264,0x1f120
ğŸ„¡,127265,0x1f121
ğŸ„¢,127266,0x1f122
ğŸ„£,127267,0x1f123
ğŸ„¤,127268,0x1f124
ğŸ„¥,127269,0x1f125
ğŸ„¦,127270,0x1f126
ğŸ„§,127271,0x1f127
ğŸ„¨,127272,0x1f128
ğŸ„©,127273,0x1f129
ğŸ„ª,127274,0x1f12a
ğŸ„«,127275,0x1f12b
ğŸ„¬,127276,0x1f12c
ğŸ„­,127277,0x1f12d
ğŸ„®,127278,0x1f12e
ğŸ„¯,127279,0x1f12f
ğŸ„°,127280,0x1f130
ğŸ„±,127281,0x1f131
ğŸ„²,127282,0x1f132
ğŸ„³,127283,0x1f133
ğŸ„´,127284,0x1f134
ğŸ„µ,127285,0x1f135
ğŸ„¶,127286,0x1f136
ğŸ„·,127287,0x1f137
ğŸ„¸,127288,0x1f138
ğŸ„¹,127289,0x1f139
ğŸ„º,127290,0x1f13a
ğŸ„»,127291,0x1f13b
ğŸ„¼,127292,0x1f13c
ğŸ„½,127293,0x1f13d
ğŸ„¾,127294,0x1f13e
ğŸ„¿,127295,0x1f13f
ğŸ…€,127296,0x1f140
ğŸ…,127297,0x1f141
ğŸ…‚,127298,0x1f142
ğŸ…ƒ,127299,0x1f143
ğŸ…„,127300,0x1f144
ğŸ……,127301,0x1f145
ğŸ…†,127302,0x1f146
ğŸ…‡,127303,0x1f147
ğŸ…ˆ,127304,0x1f148
ğŸ…‰,127305,0x1f149
ğŸ…Š,127306,0x1f14a
ğŸ…‹,127307,0x1f14b
ğŸ…Œ,127308,0x1f14c
ğŸ…,127309,0x1f14d
ğŸ…,127310,0x1f14e
ğŸ…,127311,0x1f14f
ğŸ…,127312,0x1f150
ğŸ…‘,127313,0x1f151
ğŸ…’,127314,0x1f152
ğŸ…“,127315,0x1f153
ğŸ…”,127316,0x1f154
ğŸ…•,127317,0x1f155
ğŸ…–,127318,0x1f156
ğŸ…—,127319,0x1f157
ğŸ…˜,127320,0x1f158
ğŸ…™,127321,0x1f159
ğŸ…š,127322,0x1f15a
ğŸ…›,127323,0x1f15b
ğŸ…œ,127324,0x1f15c
ğŸ…,127325,0x1f15d
ğŸ…,127326,0x1f15e
ğŸ…Ÿ,127327,0x1f15f
ğŸ… ,127328,0x1f160
ğŸ…¡,127329,0x1f161
ğŸ…¢,127330,0x1f162
ğŸ…£,127331,0x1f163
ğŸ…¤,127332,0x1f164
ğŸ…¥,127333,0x1f165
ğŸ…¦,127334,0x1f166
ğŸ…§,127335,0x1f167
ğŸ…¨,127336,0x1f168
ğŸ…©,127337,0x1f169
ğŸ…ª,127338,0x1f16a
ğŸ…«,127339,0x1f16b
ğŸ…¬,127340,0x1f16c
ğŸ…­,127341,0x1f16d
ğŸ…®,127342,0x1f16e
ğŸ…¯,127343,0x1f16f
ğŸ…°,127344,0x1f170
ğŸ…±,127345,0x1f171
ğŸ…²,127346,0x1f172
ğŸ…³,127347,0x1f173
ğŸ…´,127348,0x1f174
ğŸ…µ,127349,0x1f175
ğŸ…¶,127350,0x1f176
ğŸ…·,127351,0x1f177
ğŸ…¸,127352,0x1f178
ğŸ…¹,127353,0x1f179
ğŸ…º,127354,0x1f17a
ğŸ…»,127355,0x1f17b
ğŸ…¼,127356,0x1f17c
ğŸ…½,127357,0x1f17d
ğŸ…¾,127358,0x1f17e
ğŸ…¿,127359,0x1f17f
ğŸ†€,127360,0x1f180
ğŸ†,127361,0x1f181
ğŸ†‚,127362,0x1f182
ğŸ†ƒ,127363,0x1f183
ğŸ†„,127364,0x1f184
ğŸ†…,127365,0x1f185
ğŸ††,127366,0x1f186
ğŸ†‡,127367,0x1f187
ğŸ†ˆ,127368,0x1f188
ğŸ†‰,127369,0x1f189
ğŸ†Š,127370,0x1f18a
ğŸ†‹,127371,0x1f18b
ğŸ†Œ,127372,0x1f18c
ğŸ†,127373,0x1f18d
ğŸ†,127374,0x1f18e
ğŸ†,127375,0x1f18f
ğŸ†,127376,0x1f190
ğŸ†‘,127377,0x1f191
ğŸ†’,127378,0x1f192
ğŸ†“,127379,0x1f193
ğŸ†”,127380,0x1f194
ğŸ†•,127381,0x1f195
ğŸ†–,127382,0x1f196
ğŸ†—,127383,0x1f197
ğŸ†˜,127384,0x1f198
ğŸ†™,127385,0x1f199
ğŸ†š,127386,0x1f19a

ğŸ‡¦,127462,0x1f1e6
ğŸ‡§,127463,0x1f1e7
ğŸ‡¨,127464,0x1f1e8
ğŸ‡©,127465,0x1f1e9
ğŸ‡ª,127466,0x1f1ea
ğŸ‡«,127467,0x1f1eb
ğŸ‡¬,127468,0x1f1ec
ğŸ‡­,127469,0x1f1ed
ğŸ‡®,127470,0x1f1ee
ğŸ‡¯,127471,0x1f1ef
ğŸ‡°,127472,0x1f1f0
ğŸ‡±,127473,0x1f1f1
ğŸ‡²,127474,0x1f1f2
ğŸ‡³,127475,0x1f1f3
ğŸ‡´,127476,0x1f1f4
ğŸ‡µ,127477,0x1f1f5
ğŸ‡¶,127478,0x1f1f6
ğŸ‡·,127479,0x1f1f7
ğŸ‡¸,127480,0x1f1f8
ğŸ‡¹,127481,0x1f1f9
ğŸ‡º,127482,0x1f1fa
ğŸ‡»,127483,0x1f1fb
ğŸ‡¼,127484,0x1f1fc
ğŸ‡½,127485,0x1f1fd
ğŸ‡¾,127486,0x1f1fe
ğŸ‡¿,127487,0x1f1ff
ğŸˆ€,127488,0x1f200
ğŸˆ,127489,0x1f201
ğŸˆ‚,127490,0x1f202
ğŸˆƒ,127491,0x1f203
ğŸˆ„,127492,0x1f204
ğŸˆ…,127493,0x1f205
ğŸˆ†,127494,0x1f206
ğŸˆ‡,127495,0x1f207
ğŸˆˆ,127496,0x1f208
ğŸˆ‰,127497,0x1f209
ğŸˆŠ,127498,0x1f20a
ğŸˆ‹,127499,0x1f20b
ğŸˆŒ,127500,0x1f20c
ğŸˆ,127501,0x1f20d
ğŸˆ,127502,0x1f20e
ğŸˆ,127503,0x1f20f
ğŸˆ,127504,0x1f210
ğŸˆ‘,127505,0x1f211
ğŸˆ’,127506,0x1f212
ğŸˆ“,127507,0x1f213
ğŸˆ”,127508,0x1f214
ğŸˆ•,127509,0x1f215
ğŸˆ–,127510,0x1f216
ğŸˆ—,127511,0x1f217
ğŸˆ˜,127512,0x1f218
ğŸˆ™,127513,0x1f219
ğŸˆš,127514,0x1f21a
ğŸˆ›,127515,0x1f21b
ğŸˆœ,127516,0x1f21c
ğŸˆ,127517,0x1f21d
ğŸˆ,127518,0x1f21e
ğŸˆŸ,127519,0x1f21f
ğŸˆ ,127520,0x1f220
ğŸˆ¡,127521,0x1f221
ğŸˆ¢,127522,0x1f222
ğŸˆ£,127523,0x1f223
ğŸˆ¤,127524,0x1f224
ğŸˆ¥,127525,0x1f225
ğŸˆ¦,127526,0x1f226
ğŸˆ§,127527,0x1f227
ğŸˆ¨,127528,0x1f228
ğŸˆ©,127529,0x1f229
ğŸˆª,127530,0x1f22a
ğŸˆ«,127531,0x1f22b
ğŸˆ¬,127532,0x1f22c
ğŸˆ­,127533,0x1f22d
ğŸˆ®,127534,0x1f22e
ğŸˆ¯,127535,0x1f22f
ğŸˆ°,127536,0x1f230
ğŸˆ±,127537,0x1f231
ğŸˆ²,127538,0x1f232
ğŸˆ³,127539,0x1f233
ğŸˆ´,127540,0x1f234
ğŸˆµ,127541,0x1f235
ğŸˆ¶,127542,0x1f236
ğŸˆ·,127543,0x1f237
ğŸˆ¸,127544,0x1f238
ğŸˆ¹,127545,0x1f239
ğŸˆº,127546,0x1f23a
ğŸˆ»,127547,0x1f23b
ğŸˆ¼,127548,0x1f23c
ğŸˆ½,127549,0x1f23d
ğŸˆ¾,127550,0x1f23e
ğŸˆ¿,127551,0x1f23f
ğŸ‰€,127552,0x1f240
ğŸ‰,127553,0x1f241
ğŸ‰‚,127554,0x1f242
ğŸ‰ƒ,127555,0x1f243
ğŸ‰„,127556,0x1f244
ğŸ‰…,127557,0x1f245
ğŸ‰†,127558,0x1f246
ğŸ‰‡,127559,0x1f247
ğŸ‰ˆ,127560,0x1f248
ğŸ‰‰,127561,0x1f249
ğŸ‰Š,127562,0x1f24a
ğŸ‰‹,127563,0x1f24b
ğŸ‰Œ,127564,0x1f24c
ğŸ‰,127565,0x1f24d
ğŸ‰,127566,0x1f24e
ğŸ‰,127567,0x1f24f
ğŸ‰,127568,0x1f250
ğŸ‰‘,127569,0x1f251

ğŸŒ€,127744,0x1f300
ğŸŒ,127745,0x1f301
ğŸŒ‚,127746,0x1f302
ğŸŒƒ,127747,0x1f303
ğŸŒ„,127748,0x1f304
ğŸŒ…,127749,0x1f305
ğŸŒ†,127750,0x1f306
ğŸŒ‡,127751,0x1f307
ğŸŒˆ,127752,0x1f308
ğŸŒ‰,127753,0x1f309
ğŸŒŠ,127754,0x1f30a
ğŸŒ‹,127755,0x1f30b
ğŸŒŒ,127756,0x1f30c
ğŸŒ,127757,0x1f30d
ğŸŒ,127758,0x1f30e
ğŸŒ,127759,0x1f30f
ğŸŒ,127760,0x1f310
ğŸŒ‘,127761,0x1f311
ğŸŒ’,127762,0x1f312
ğŸŒ“,127763,0x1f313
ğŸŒ”,127764,0x1f314
ğŸŒ•,127765,0x1f315
ğŸŒ–,127766,0x1f316
ğŸŒ—,127767,0x1f317
ğŸŒ˜,127768,0x1f318
ğŸŒ™,127769,0x1f319
ğŸŒš,127770,0x1f31a
ğŸŒ›,127771,0x1f31b
ğŸŒœ,127772,0x1f31c
ğŸŒ,127773,0x1f31d
ğŸŒ,127774,0x1f31e
ğŸŒŸ,127775,0x1f31f
ğŸŒ ,127776,0x1f320
ğŸŒ¡,127777,0x1f321
ğŸŒ¢,127778,0x1f322
ğŸŒ£,127779,0x1f323
ğŸŒ¤,127780,0x1f324
ğŸŒ¥,127781,0x1f325
ğŸŒ¦,127782,0x1f326
ğŸŒ§,127783,0x1f327
ğŸŒ¨,127784,0x1f328
ğŸŒ©,127785,0x1f329
ğŸŒª,127786,0x1f32a
ğŸŒ«,127787,0x1f32b
ğŸŒ¬,127788,0x1f32c
ğŸŒ­,127789,0x1f32d
ğŸŒ®,127790,0x1f32e
ğŸŒ¯,127791,0x1f32f
ğŸŒ°,127792,0x1f330
ğŸŒ±,127793,0x1f331
ğŸŒ²,127794,0x1f332
ğŸŒ³,127795,0x1f333
ğŸŒ´,127796,0x1f334
ğŸŒµ,127797,0x1f335
ğŸŒ¶,127798,0x1f336
ğŸŒ·,127799,0x1f337
ğŸŒ¸,127800,0x1f338
ğŸŒ¹,127801,0x1f339
ğŸŒº,127802,0x1f33a
ğŸŒ»,127803,0x1f33b
ğŸŒ¼,127804,0x1f33c
ğŸŒ½,127805,0x1f33d
ğŸŒ¾,127806,0x1f33e
ğŸŒ¿,127807,0x1f33f
ğŸ€,127808,0x1f340
ğŸ,127809,0x1f341
ğŸ‚,127810,0x1f342
ğŸƒ,127811,0x1f343
ğŸ„,127812,0x1f344
ğŸ…,127813,0x1f345
ğŸ†,127814,0x1f346
ğŸ‡,127815,0x1f347
ğŸˆ,127816,0x1f348
ğŸ‰,127817,0x1f349
ğŸŠ,127818,0x1f34a
ğŸ‹,127819,0x1f34b
ğŸŒ,127820,0x1f34c
ğŸ,127821,0x1f34d
ğŸ,127822,0x1f34e
ğŸ,127823,0x1f34f
ğŸ,127824,0x1f350
ğŸ‘,127825,0x1f351
ğŸ’,127826,0x1f352
ğŸ“,127827,0x1f353
ğŸ”,127828,0x1f354
ğŸ•,127829,0x1f355
ğŸ–,127830,0x1f356
ğŸ—,127831,0x1f357
ğŸ˜,127832,0x1f358
ğŸ™,127833,0x1f359
ğŸš,127834,0x1f35a
ğŸ›,127835,0x1f35b
ğŸœ,127836,0x1f35c
ğŸ,127837,0x1f35d
ğŸ,127838,0x1f35e
ğŸŸ,127839,0x1f35f
ğŸ ,127840,0x1f360
ğŸ¡,127841,0x1f361
ğŸ¢,127842,0x1f362
ğŸ£,127843,0x1f363
ğŸ¤,127844,0x1f364
ğŸ¥,127845,0x1f365
ğŸ¦,127846,0x1f366
ğŸ§,127847,0x1f367
ğŸ¨,127848,0x1f368
ğŸ©,127849,0x1f369
ğŸª,127850,0x1f36a
ğŸ«,127851,0x1f36b
ğŸ¬,127852,0x1f36c
ğŸ­,127853,0x1f36d
ğŸ®,127854,0x1f36e
ğŸ¯,127855,0x1f36f
ğŸ°,127856,0x1f370
ğŸ±,127857,0x1f371
ğŸ²,127858,0x1f372
ğŸ³,127859,0x1f373
ğŸ´,127860,0x1f374
ğŸµ,127861,0x1f375
ğŸ¶,127862,0x1f376
ğŸ·,127863,0x1f377
ğŸ¸,127864,0x1f378
ğŸ¹,127865,0x1f379
ğŸº,127866,0x1f37a
ğŸ»,127867,0x1f37b
ğŸ¼,127868,0x1f37c
ğŸ½,127869,0x1f37d
ğŸ¾,127870,0x1f37e
ğŸ¿,127871,0x1f37f
ğŸ€,127872,0x1f380
ğŸ,127873,0x1f381
ğŸ‚,127874,0x1f382
ğŸƒ,127875,0x1f383
ğŸ„,127876,0x1f384
ğŸ…,127877,0x1f385
ğŸ†,127878,0x1f386
ğŸ‡,127879,0x1f387
ğŸˆ,127880,0x1f388
ğŸ‰,127881,0x1f389
ğŸŠ,127882,0x1f38a
ğŸ‹,127883,0x1f38b
ğŸŒ,127884,0x1f38c
ğŸ,127885,0x1f38d
ğŸ,127886,0x1f38e
ğŸ,127887,0x1f38f
ğŸ,127888,0x1f390
ğŸ‘,127889,0x1f391
ğŸ’,127890,0x1f392
ğŸ“,127891,0x1f393
ğŸ”,127892,0x1f394
ğŸ•,127893,0x1f395
ğŸ–,127894,0x1f396
ğŸ—,127895,0x1f397
ğŸ˜,127896,0x1f398
ğŸ™,127897,0x1f399
ğŸš,127898,0x1f39a
ğŸ›,127899,0x1f39b
ğŸœ,127900,0x1f39c
ğŸ,127901,0x1f39d
ğŸ,127902,0x1f39e
ğŸŸ,127903,0x1f39f
ğŸ ,127904,0x1f3a0
ğŸ¡,127905,0x1f3a1
ğŸ¢,127906,0x1f3a2
ğŸ£,127907,0x1f3a3
ğŸ¤,127908,0x1f3a4
ğŸ¥,127909,0x1f3a5
ğŸ¦,127910,0x1f3a6
ğŸ§,127911,0x1f3a7
ğŸ¨,127912,0x1f3a8
ğŸ©,127913,0x1f3a9
ğŸª,127914,0x1f3aa
ğŸ«,127915,0x1f3ab
ğŸ¬,127916,0x1f3ac
ğŸ­,127917,0x1f3ad
ğŸ®,127918,0x1f3ae
ğŸ¯,127919,0x1f3af
ğŸ°,127920,0x1f3b0
ğŸ±,127921,0x1f3b1
ğŸ²,127922,0x1f3b2
ğŸ³,127923,0x1f3b3
ğŸ´,127924,0x1f3b4
ğŸµ,127925,0x1f3b5
ğŸ¶,127926,0x1f3b6
ğŸ·,127927,0x1f3b7
ğŸ¸,127928,0x1f3b8
ğŸ¹,127929,0x1f3b9
ğŸº,127930,0x1f3ba
ğŸ»,127931,0x1f3bb
ğŸ¼,127932,0x1f3bc
ğŸ½,127933,0x1f3bd
ğŸ¾,127934,0x1f3be
ğŸ¿,127935,0x1f3bf
ğŸ€,127936,0x1f3c0
ğŸ,127937,0x1f3c1
ğŸ‚,127938,0x1f3c2
ğŸƒ,127939,0x1f3c3
ğŸ„,127940,0x1f3c4
ğŸ…,127941,0x1f3c5
ğŸ†,127942,0x1f3c6
ğŸ‡,127943,0x1f3c7
ğŸˆ,127944,0x1f3c8
ğŸ‰,127945,0x1f3c9
ğŸŠ,127946,0x1f3ca
ğŸ‹,127947,0x1f3cb
ğŸŒ,127948,0x1f3cc
ğŸ,127949,0x1f3cd
ğŸ,127950,0x1f3ce
ğŸ,127951,0x1f3cf
ğŸ,127952,0x1f3d0
ğŸ‘,127953,0x1f3d1
ğŸ’,127954,0x1f3d2
ğŸ“,127955,0x1f3d3
ğŸ”,127956,0x1f3d4
ğŸ•,127957,0x1f3d5
ğŸ–,127958,0x1f3d6
ğŸ—,127959,0x1f3d7
ğŸ˜,127960,0x1f3d8
ğŸ™,127961,0x1f3d9
ğŸš,127962,0x1f3da
ğŸ›,127963,0x1f3db
ğŸœ,127964,0x1f3dc
ğŸ,127965,0x1f3dd
ğŸ,127966,0x1f3de
ğŸŸ,127967,0x1f3df
ğŸ ,127968,0x1f3e0
ğŸ¡,127969,0x1f3e1
ğŸ¢,127970,0x1f3e2
ğŸ£,127971,0x1f3e3
ğŸ¤,127972,0x1f3e4
ğŸ¥,127973,0x1f3e5
ğŸ¦,127974,0x1f3e6
ğŸ§,127975,0x1f3e7
ğŸ¨,127976,0x1f3e8
ğŸ©,127977,0x1f3e9
ğŸª,127978,0x1f3ea
ğŸ«,127979,0x1f3eb
ğŸ¬,127980,0x1f3ec
ğŸ­,127981,0x1f3ed
ğŸ®,127982,0x1f3ee
ğŸ¯,127983,0x1f3ef
ğŸ°,127984,0x1f3f0
ğŸ±,127985,0x1f3f1
ğŸ²,127986,0x1f3f2
ğŸ³,127987,0x1f3f3
ğŸ´,127988,0x1f3f4
ğŸµ,127989,0x1f3f5
ğŸ¶,127990,0x1f3f6
ğŸ·,127991,0x1f3f7
ğŸ¸,127992,0x1f3f8
ğŸ¹,127993,0x1f3f9
ğŸº,127994,0x1f3fa
ğŸ»,127995,0x1f3fb
ğŸ¼,127996,0x1f3fc
ğŸ½,127997,0x1f3fd
ğŸ¾,127998,0x1f3fe
ğŸ¿,127999,0x1f3ff
ğŸ€,128000,0x1f400
ğŸ,128001,0x1f401
ğŸ‚,128002,0x1f402
ğŸƒ,128003,0x1f403
ğŸ„,128004,0x1f404
ğŸ…,128005,0x1f405
ğŸ†,128006,0x1f406
ğŸ‡,128007,0x1f407
ğŸˆ,128008,0x1f408
ğŸ‰,128009,0x1f409
ğŸŠ,128010,0x1f40a
ğŸ‹,128011,0x1f40b
ğŸŒ,128012,0x1f40c
ğŸ,128013,0x1f40d
ğŸ,128014,0x1f40e
ğŸ,128015,0x1f40f
ğŸ,128016,0x1f410
ğŸ‘,128017,0x1f411
ğŸ’,128018,0x1f412
ğŸ“,128019,0x1f413
ğŸ”,128020,0x1f414
ğŸ•,128021,0x1f415
ğŸ–,128022,0x1f416
ğŸ—,128023,0x1f417
ğŸ˜,128024,0x1f418
ğŸ™,128025,0x1f419
ğŸš,128026,0x1f41a
ğŸ›,128027,0x1f41b
ğŸœ,128028,0x1f41c
ğŸ,128029,0x1f41d
ğŸ,128030,0x1f41e
ğŸŸ,128031,0x1f41f
ğŸ ,128032,0x1f420
ğŸ¡,128033,0x1f421
ğŸ¢,128034,0x1f422
ğŸ£,128035,0x1f423
ğŸ¤,128036,0x1f424
ğŸ¥,128037,0x1f425
ğŸ¦,128038,0x1f426
ğŸ§,128039,0x1f427
ğŸ¨,128040,0x1f428
ğŸ©,128041,0x1f429
ğŸª,128042,0x1f42a
ğŸ«,128043,0x1f42b
ğŸ¬,128044,0x1f42c
ğŸ­,128045,0x1f42d
ğŸ®,128046,0x1f42e
ğŸ¯,128047,0x1f42f
ğŸ°,128048,0x1f430
ğŸ±,128049,0x1f431
ğŸ²,128050,0x1f432
ğŸ³,128051,0x1f433
ğŸ´,128052,0x1f434
ğŸµ,128053,0x1f435
ğŸ¶,128054,0x1f436
ğŸ·,128055,0x1f437
ğŸ¸,128056,0x1f438
ğŸ¹,128057,0x1f439
ğŸº,128058,0x1f43a
ğŸ»,128059,0x1f43b
ğŸ¼,128060,0x1f43c
ğŸ½,128061,0x1f43d
ğŸ¾,128062,0x1f43e
ğŸ¿,128063,0x1f43f
ğŸ‘€,128064,0x1f440
ğŸ‘,128065,0x1f441
ğŸ‘‚,128066,0x1f442
ğŸ‘ƒ,128067,0x1f443
ğŸ‘„,128068,0x1f444
ğŸ‘…,128069,0x1f445
ğŸ‘†,128070,0x1f446
ğŸ‘‡,128071,0x1f447
ğŸ‘ˆ,128072,0x1f448
ğŸ‘‰,128073,0x1f449
ğŸ‘Š,128074,0x1f44a
ğŸ‘‹,128075,0x1f44b
ğŸ‘Œ,128076,0x1f44c
ğŸ‘,128077,0x1f44d
ğŸ‘,128078,0x1f44e
ğŸ‘,128079,0x1f44f
ğŸ‘,128080,0x1f450
ğŸ‘‘,128081,0x1f451
ğŸ‘’,128082,0x1f452
ğŸ‘“,128083,0x1f453
ğŸ‘”,128084,0x1f454
ğŸ‘•,128085,0x1f455
ğŸ‘–,128086,0x1f456
ğŸ‘—,128087,0x1f457
ğŸ‘˜,128088,0x1f458
ğŸ‘™,128089,0x1f459
ğŸ‘š,128090,0x1f45a
ğŸ‘›,128091,0x1f45b
ğŸ‘œ,128092,0x1f45c
ğŸ‘,128093,0x1f45d
ğŸ‘,128094,0x1f45e
ğŸ‘Ÿ,128095,0x1f45f
ğŸ‘ ,128096,0x1f460
ğŸ‘¡,128097,0x1f461
ğŸ‘¢,128098,0x1f462
ğŸ‘£,128099,0x1f463
ğŸ‘¤,128100,0x1f464
ğŸ‘¥,128101,0x1f465
ğŸ‘¦,128102,0x1f466
ğŸ‘§,128103,0x1f467
ğŸ‘¨,128104,0x1f468
ğŸ‘©,128105,0x1f469
ğŸ‘ª,128106,0x1f46a
ğŸ‘«,128107,0x1f46b
ğŸ‘¬,128108,0x1f46c
ğŸ‘­,128109,0x1f46d
ğŸ‘®,128110,0x1f46e
ğŸ‘¯,128111,0x1f46f
ğŸ‘°,128112,0x1f470
ğŸ‘±,128113,0x1f471
ğŸ‘²,128114,0x1f472
ğŸ‘³,128115,0x1f473
ğŸ‘´,128116,0x1f474
ğŸ‘µ,128117,0x1f475
ğŸ‘¶,128118,0x1f476
ğŸ‘·,128119,0x1f477
ğŸ‘¸,128120,0x1f478
ğŸ‘¹,128121,0x1f479
ğŸ‘º,128122,0x1f47a
ğŸ‘»,128123,0x1f47b
ğŸ‘¼,128124,0x1f47c
ğŸ‘½,128125,0x1f47d
ğŸ‘¾,128126,0x1f47e
ğŸ‘¿,128127,0x1f47f
ğŸ’€,128128,0x1f480
ğŸ’,128129,0x1f481
ğŸ’‚,128130,0x1f482
ğŸ’ƒ,128131,0x1f483
ğŸ’„,128132,0x1f484
ğŸ’…,128133,0x1f485
ğŸ’†,128134,0x1f486
ğŸ’‡,128135,0x1f487
ğŸ’ˆ,128136,0x1f488
ğŸ’‰,128137,0x1f489
ğŸ’Š,128138,0x1f48a
ğŸ’‹,128139,0x1f48b
ğŸ’Œ,128140,0x1f48c
ğŸ’,128141,0x1f48d
ğŸ’,128142,0x1f48e
ğŸ’,128143,0x1f48f
ğŸ’,128144,0x1f490
ğŸ’‘,128145,0x1f491
ğŸ’’,128146,0x1f492
ğŸ’“,128147,0x1f493
ğŸ’”,128148,0x1f494
ğŸ’•,128149,0x1f495
ğŸ’–,128150,0x1f496
ğŸ’—,128151,0x1f497
ğŸ’˜,128152,0x1f498
ğŸ’™,128153,0x1f499
ğŸ’š,128154,0x1f49a
ğŸ’›,128155,0x1f49b
ğŸ’œ,128156,0x1f49c
ğŸ’,128157,0x1f49d
ğŸ’,128158,0x1f49e
ğŸ’Ÿ,128159,0x1f49f
ğŸ’ ,128160,0x1f4a0
ğŸ’¡,128161,0x1f4a1
ğŸ’¢,128162,0x1f4a2
ğŸ’£,128163,0x1f4a3
ğŸ’¤,128164,0x1f4a4
ğŸ’¥,128165,0x1f4a5
ğŸ’¦,128166,0x1f4a6
ğŸ’§,128167,0x1f4a7
ğŸ’¨,128168,0x1f4a8
ğŸ’©,128169,0x1f4a9
ğŸ’ª,128170,0x1f4aa
ğŸ’«,128171,0x1f4ab
ğŸ’¬,128172,0x1f4ac
ğŸ’­,128173,0x1f4ad
ğŸ’®,128174,0x1f4ae
ğŸ’¯,128175,0x1f4af
ğŸ’°,128176,0x1f4b0
ğŸ’±,128177,0x1f4b1
ğŸ’²,128178,0x1f4b2
ğŸ’³,128179,0x1f4b3
ğŸ’´,128180,0x1f4b4
ğŸ’µ,128181,0x1f4b5
ğŸ’¶,128182,0x1f4b6
ğŸ’·,128183,0x1f4b7
ğŸ’¸,128184,0x1f4b8
ğŸ’¹,128185,0x1f4b9
ğŸ’º,128186,0x1f4ba
ğŸ’»,128187,0x1f4bb
ğŸ’¼,128188,0x1f4bc
ğŸ’½,128189,0x1f4bd
ğŸ’¾,128190,0x1f4be
ğŸ’¿,128191,0x1f4bf
ğŸ“€,128192,0x1f4c0
ğŸ“,128193,0x1f4c1
ğŸ“‚,128194,0x1f4c2
ğŸ“ƒ,128195,0x1f4c3
ğŸ“„,128196,0x1f4c4
ğŸ“…,128197,0x1f4c5
ğŸ“†,128198,0x1f4c6
ğŸ“‡,128199,0x1f4c7
ğŸ“ˆ,128200,0x1f4c8
ğŸ“‰,128201,0x1f4c9
ğŸ“Š,128202,0x1f4ca
ğŸ“‹,128203,0x1f4cb
ğŸ“Œ,128204,0x1f4cc
ğŸ“,128205,0x1f4cd
ğŸ“,128206,0x1f4ce
ğŸ“,128207,0x1f4cf
ğŸ“,128208,0x1f4d0
ğŸ“‘,128209,0x1f4d1
ğŸ“’,128210,0x1f4d2
ğŸ““,128211,0x1f4d3
ğŸ“”,128212,0x1f4d4
ğŸ“•,128213,0x1f4d5
ğŸ“–,128214,0x1f4d6
ğŸ“—,128215,0x1f4d7
ğŸ“˜,128216,0x1f4d8
ğŸ“™,128217,0x1f4d9
ğŸ“š,128218,0x1f4da
ğŸ“›,128219,0x1f4db
ğŸ“œ,128220,0x1f4dc
ğŸ“,128221,0x1f4dd
ğŸ“,128222,0x1f4de
ğŸ“Ÿ,128223,0x1f4df
ğŸ“ ,128224,0x1f4e0
ğŸ“¡,128225,0x1f4e1
ğŸ“¢,128226,0x1f4e2
ğŸ“£,128227,0x1f4e3
ğŸ“¤,128228,0x1f4e4
ğŸ“¥,128229,0x1f4e5
ğŸ“¦,128230,0x1f4e6
ğŸ“§,128231,0x1f4e7
ğŸ“¨,128232,0x1f4e8
ğŸ“©,128233,0x1f4e9
ğŸ“ª,128234,0x1f4ea
ğŸ“«,128235,0x1f4eb
ğŸ“¬,128236,0x1f4ec
ğŸ“­,128237,0x1f4ed
ğŸ“®,128238,0x1f4ee
ğŸ“¯,128239,0x1f4ef
ğŸ“°,128240,0x1f4f0
ğŸ“±,128241,0x1f4f1
ğŸ“²,128242,0x1f4f2
ğŸ“³,128243,0x1f4f3
ğŸ“´,128244,0x1f4f4
ğŸ“µ,128245,0x1f4f5
ğŸ“¶,128246,0x1f4f6
ğŸ“·,128247,0x1f4f7
ğŸ“¸,128248,0x1f4f8
ğŸ“¹,128249,0x1f4f9
ğŸ“º,128250,0x1f4fa
ğŸ“»,128251,0x1f4fb
ğŸ“¼,128252,0x1f4fc
ğŸ“½,128253,0x1f4fd
ğŸ“¾,128254,0x1f4fe
ğŸ“¿,128255,0x1f4ff
ğŸ”€,128256,0x1f500
ğŸ”,128257,0x1f501
ğŸ”‚,128258,0x1f502
ğŸ”ƒ,128259,0x1f503
ğŸ”„,128260,0x1f504
ğŸ”…,128261,0x1f505
ğŸ”†,128262,0x1f506
ğŸ”‡,128263,0x1f507
ğŸ”ˆ,128264,0x1f508
ğŸ”‰,128265,0x1f509
ğŸ”Š,128266,0x1f50a
ğŸ”‹,128267,0x1f50b
ğŸ”Œ,128268,0x1f50c
ğŸ”,128269,0x1f50d
ğŸ”,128270,0x1f50e
ğŸ”,128271,0x1f50f
ğŸ”,128272,0x1f510
ğŸ”‘,128273,0x1f511
ğŸ”’,128274,0x1f512
ğŸ”“,128275,0x1f513
ğŸ””,128276,0x1f514
ğŸ”•,128277,0x1f515
ğŸ”–,128278,0x1f516
ğŸ”—,128279,0x1f517
ğŸ”˜,128280,0x1f518
ğŸ”™,128281,0x1f519
ğŸ”š,128282,0x1f51a
ğŸ”›,128283,0x1f51b
ğŸ”œ,128284,0x1f51c
ğŸ”,128285,0x1f51d
ğŸ”,128286,0x1f51e
ğŸ”Ÿ,128287,0x1f51f
ğŸ” ,128288,0x1f520
ğŸ”¡,128289,0x1f521
ğŸ”¢,128290,0x1f522
ğŸ”£,128291,0x1f523
ğŸ”¤,128292,0x1f524
ğŸ”¥,128293,0x1f525
ğŸ”¦,128294,0x1f526
ğŸ”§,128295,0x1f527
ğŸ”¨,128296,0x1f528
ğŸ”©,128297,0x1f529
ğŸ”ª,128298,0x1f52a
ğŸ”«,128299,0x1f52b
ğŸ”¬,128300,0x1f52c
ğŸ”­,128301,0x1f52d
ğŸ”®,128302,0x1f52e
ğŸ”¯,128303,0x1f52f
ğŸ”°,128304,0x1f530
ğŸ”±,128305,0x1f531
ğŸ”²,128306,0x1f532
ğŸ”³,128307,0x1f533
ğŸ”´,128308,0x1f534
ğŸ”µ,128309,0x1f535
ğŸ”¶,128310,0x1f536
ğŸ”·,128311,0x1f537
ğŸ”¸,128312,0x1f538
ğŸ”¹,128313,0x1f539
ğŸ”º,128314,0x1f53a
ğŸ”»,128315,0x1f53b
ğŸ”¼,128316,0x1f53c
ğŸ”½,128317,0x1f53d
ğŸ”¾,128318,0x1f53e
ğŸ”¿,128319,0x1f53f
ğŸ•€,128320,0x1f540
ğŸ•,128321,0x1f541
ğŸ•‚,128322,0x1f542
ğŸ•ƒ,128323,0x1f543
ğŸ•„,128324,0x1f544
ğŸ•…,128325,0x1f545
ğŸ•†,128326,0x1f546
ğŸ•‡,128327,0x1f547
ğŸ•ˆ,128328,0x1f548
ğŸ•‰,128329,0x1f549
ğŸ•Š,128330,0x1f54a
ğŸ•‹,128331,0x1f54b
ğŸ•Œ,128332,0x1f54c
ğŸ•,128333,0x1f54d
ğŸ•,128334,0x1f54e
ğŸ•,128335,0x1f54f
ğŸ•,128336,0x1f550
ğŸ•‘,128337,0x1f551
ğŸ•’,128338,0x1f552
ğŸ•“,128339,0x1f553
ğŸ•”,128340,0x1f554
ğŸ••,128341,0x1f555
ğŸ•–,128342,0x1f556
ğŸ•—,128343,0x1f557
ğŸ•˜,128344,0x1f558
ğŸ•™,128345,0x1f559
ğŸ•š,128346,0x1f55a
ğŸ•›,128347,0x1f55b
ğŸ•œ,128348,0x1f55c
ğŸ•,128349,0x1f55d
ğŸ•,128350,0x1f55e
ğŸ•Ÿ,128351,0x1f55f
ğŸ• ,128352,0x1f560
ğŸ•¡,128353,0x1f561
ğŸ•¢,128354,0x1f562
ğŸ•£,128355,0x1f563
ğŸ•¤,128356,0x1f564
ğŸ•¥,128357,0x1f565
ğŸ•¦,128358,0x1f566
ğŸ•§,128359,0x1f567
ğŸ•¨,128360,0x1f568
ğŸ•©,128361,0x1f569
ğŸ•ª,128362,0x1f56a
ğŸ•«,128363,0x1f56b
ğŸ•¬,128364,0x1f56c
ğŸ•­,128365,0x1f56d
ğŸ•®,128366,0x1f56e
ğŸ•¯,128367,0x1f56f
ğŸ•°,128368,0x1f570
ğŸ•±,128369,0x1f571
ğŸ•²,128370,0x1f572
ğŸ•³,128371,0x1f573
ğŸ•´,128372,0x1f574
ğŸ•µ,128373,0x1f575
ğŸ•¶,128374,0x1f576
ğŸ•·,128375,0x1f577
ğŸ•¸,128376,0x1f578
ğŸ•¹,128377,0x1f579
ğŸ•º,128378,0x1f57a
ğŸ•»,128379,0x1f57b
ğŸ•¼,128380,0x1f57c
ğŸ•½,128381,0x1f57d
ğŸ•¾,128382,0x1f57e
ğŸ•¿,128383,0x1f57f
ğŸ–€,128384,0x1f580
ğŸ–,128385,0x1f581
ğŸ–‚,128386,0x1f582
ğŸ–ƒ,128387,0x1f583
ğŸ–„,128388,0x1f584
ğŸ–…,128389,0x1f585
ğŸ–†,128390,0x1f586
ğŸ–‡,128391,0x1f587
ğŸ–ˆ,128392,0x1f588
ğŸ–‰,128393,0x1f589
ğŸ–Š,128394,0x1f58a
ğŸ–‹,128395,0x1f58b
ğŸ–Œ,128396,0x1f58c
ğŸ–,128397,0x1f58d
ğŸ–,128398,0x1f58e
ğŸ–,128399,0x1f58f
ğŸ–,128400,0x1f590
ğŸ–‘,128401,0x1f591
ğŸ–’,128402,0x1f592
ğŸ–“,128403,0x1f593
ğŸ–”,128404,0x1f594
ğŸ–•,128405,0x1f595
ğŸ––,128406,0x1f596
ğŸ–—,128407,0x1f597
ğŸ–˜,128408,0x1f598
ğŸ–™,128409,0x1f599
ğŸ–š,128410,0x1f59a
ğŸ–›,128411,0x1f59b
ğŸ–œ,128412,0x1f59c
ğŸ–,128413,0x1f59d
ğŸ–,128414,0x1f59e
ğŸ–Ÿ,128415,0x1f59f
ğŸ– ,128416,0x1f5a0
ğŸ–¡,128417,0x1f5a1
ğŸ–¢,128418,0x1f5a2
ğŸ–£,128419,0x1f5a3
ğŸ–¤,128420,0x1f5a4
ğŸ–¥,128421,0x1f5a5
ğŸ–¦,128422,0x1f5a6
ğŸ–§,128423,0x1f5a7
ğŸ–¨,128424,0x1f5a8
ğŸ–©,128425,0x1f5a9
ğŸ–ª,128426,0x1f5aa
ğŸ–«,128427,0x1f5ab
ğŸ–¬,128428,0x1f5ac
ğŸ–­,128429,0x1f5ad
ğŸ–®,128430,0x1f5ae
ğŸ–¯,128431,0x1f5af
ğŸ–°,128432,0x1f5b0
ğŸ–±,128433,0x1f5b1
ğŸ–²,128434,0x1f5b2
ğŸ–³,128435,0x1f5b3
ğŸ–´,128436,0x1f5b4
ğŸ–µ,128437,0x1f5b5
ğŸ–¶,128438,0x1f5b6
ğŸ–·,128439,0x1f5b7
ğŸ–¸,128440,0x1f5b8
ğŸ–¹,128441,0x1f5b9
ğŸ–º,128442,0x1f5ba
ğŸ–»,128443,0x1f5bb
ğŸ–¼,128444,0x1f5bc
ğŸ–½,128445,0x1f5bd
ğŸ–¾,128446,0x1f5be
ğŸ–¿,128447,0x1f5bf
ğŸ—€,128448,0x1f5c0
ğŸ—,128449,0x1f5c1
ğŸ—‚,128450,0x1f5c2
ğŸ—ƒ,128451,0x1f5c3
ğŸ—„,128452,0x1f5c4
ğŸ—…,128453,0x1f5c5
ğŸ—†,128454,0x1f5c6
ğŸ—‡,128455,0x1f5c7
ğŸ—ˆ,128456,0x1f5c8
ğŸ—‰,128457,0x1f5c9
ğŸ—Š,128458,0x1f5ca
ğŸ—‹,128459,0x1f5cb
ğŸ—Œ,128460,0x1f5cc
ğŸ—,128461,0x1f5cd
ğŸ—,128462,0x1f5ce
ğŸ—,128463,0x1f5cf
ğŸ—,128464,0x1f5d0
ğŸ—‘,128465,0x1f5d1
ğŸ—’,128466,0x1f5d2
ğŸ—“,128467,0x1f5d3
ğŸ—”,128468,0x1f5d4
ğŸ—•,128469,0x1f5d5
ğŸ—–,128470,0x1f5d6
ğŸ——,128471,0x1f5d7
ğŸ—˜,128472,0x1f5d8
ğŸ—™,128473,0x1f5d9
ğŸ—š,128474,0x1f5da
ğŸ—›,128475,0x1f5db
ğŸ—œ,128476,0x1f5dc
ğŸ—,128477,0x1f5dd
ğŸ—,128478,0x1f5de
ğŸ—Ÿ,128479,0x1f5df
ğŸ— ,128480,0x1f5e0
ğŸ—¡,128481,0x1f5e1
ğŸ—¢,128482,0x1f5e2
ğŸ—£,128483,0x1f5e3
ğŸ—¤,128484,0x1f5e4
ğŸ—¥,128485,0x1f5e5
ğŸ—¦,128486,0x1f5e6
ğŸ—§,128487,0x1f5e7
ğŸ—¨,128488,0x1f5e8
ğŸ—©,128489,0x1f5e9
ğŸ—ª,128490,0x1f5ea
ğŸ—«,128491,0x1f5eb
ğŸ—¬,128492,0x1f5ec
ğŸ—­,128493,0x1f5ed
ğŸ—®,128494,0x1f5ee
ğŸ—¯,128495,0x1f5ef
ğŸ—°,128496,0x1f5f0
ğŸ—±,128497,0x1f5f1
ğŸ—²,128498,0x1f5f2
ğŸ—³,128499,0x1f5f3
ğŸ—´,128500,0x1f5f4
ğŸ—µ,128501,0x1f5f5
ğŸ—¶,128502,0x1f5f6
ğŸ—·,128503,0x1f5f7
ğŸ—¸,128504,0x1f5f8
ğŸ—¹,128505,0x1f5f9
ğŸ—º,128506,0x1f5fa
ğŸ—»,128507,0x1f5fb
ğŸ—¼,128508,0x1f5fc
ğŸ—½,128509,0x1f5fd
ğŸ—¾,128510,0x1f5fe
ğŸ—¿,128511,0x1f5ff
ğŸ˜€,128512,0x1f600
ğŸ˜,128513,0x1f601
ğŸ˜‚,128514,0x1f602
ğŸ˜ƒ,128515,0x1f603
ğŸ˜„,128516,0x1f604
ğŸ˜…,128517,0x1f605
ğŸ˜†,128518,0x1f606
ğŸ˜‡,128519,0x1f607
ğŸ˜ˆ,128520,0x1f608
ğŸ˜‰,128521,0x1f609
ğŸ˜Š,128522,0x1f60a
ğŸ˜‹,128523,0x1f60b
ğŸ˜Œ,128524,0x1f60c
ğŸ˜,128525,0x1f60d
ğŸ˜,128526,0x1f60e
ğŸ˜,128527,0x1f60f
ğŸ˜,128528,0x1f610
ğŸ˜‘,128529,0x1f611
ğŸ˜’,128530,0x1f612
ğŸ˜“,128531,0x1f613
ğŸ˜”,128532,0x1f614
ğŸ˜•,128533,0x1f615
ğŸ˜–,128534,0x1f616
ğŸ˜—,128535,0x1f617
ğŸ˜˜,128536,0x1f618
ğŸ˜™,128537,0x1f619
ğŸ˜š,128538,0x1f61a
ğŸ˜›,128539,0x1f61b
ğŸ˜œ,128540,0x1f61c
ğŸ˜,128541,0x1f61d
ğŸ˜,128542,0x1f61e
ğŸ˜Ÿ,128543,0x1f61f
ğŸ˜ ,128544,0x1f620
ğŸ˜¡,128545,0x1f621
ğŸ˜¢,128546,0x1f622
ğŸ˜£,128547,0x1f623
ğŸ˜¤,128548,0x1f624
ğŸ˜¥,128549,0x1f625
ğŸ˜¦,128550,0x1f626
ğŸ˜§,128551,0x1f627
ğŸ˜¨,128552,0x1f628
ğŸ˜©,128553,0x1f629
ğŸ˜ª,128554,0x1f62a
ğŸ˜«,128555,0x1f62b
ğŸ˜¬,128556,0x1f62c
ğŸ˜­,128557,0x1f62d
ğŸ˜®,128558,0x1f62e
ğŸ˜¯,128559,0x1f62f
ğŸ˜°,128560,0x1f630
ğŸ˜±,128561,0x1f631
ğŸ˜²,128562,0x1f632
ğŸ˜³,128563,0x1f633
ğŸ˜´,128564,0x1f634
ğŸ˜µ,128565,0x1f635
ğŸ˜¶,128566,0x1f636
ğŸ˜·,128567,0x1f637
ğŸ˜¸,128568,0x1f638
ğŸ˜¹,128569,0x1f639
ğŸ˜º,128570,0x1f63a
ğŸ˜»,128571,0x1f63b
ğŸ˜¼,128572,0x1f63c
ğŸ˜½,128573,0x1f63d
ğŸ˜¾,128574,0x1f63e
ğŸ˜¿,128575,0x1f63f
ğŸ™€,128576,0x1f640
ğŸ™,128577,0x1f641
ğŸ™‚,128578,0x1f642
ğŸ™ƒ,128579,0x1f643
ğŸ™„,128580,0x1f644
ğŸ™…,128581,0x1f645
ğŸ™†,128582,0x1f646
ğŸ™‡,128583,0x1f647
ğŸ™ˆ,128584,0x1f648
ğŸ™‰,128585,0x1f649
ğŸ™Š,128586,0x1f64a
ğŸ™‹,128587,0x1f64b
ğŸ™Œ,128588,0x1f64c
ğŸ™,128589,0x1f64d
ğŸ™,128590,0x1f64e
ğŸ™,128591,0x1f64f
ğŸ™,128592,0x1f650
ğŸ™‘,128593,0x1f651
ğŸ™’,128594,0x1f652
ğŸ™“,128595,0x1f653
ğŸ™”,128596,0x1f654
ğŸ™•,128597,0x1f655
ğŸ™–,128598,0x1f656
ğŸ™—,128599,0x1f657
ğŸ™˜,128600,0x1f658
ğŸ™™,128601,0x1f659
ğŸ™š,128602,0x1f65a
ğŸ™›,128603,0x1f65b
ğŸ™œ,128604,0x1f65c
ğŸ™,128605,0x1f65d
ğŸ™,128606,0x1f65e
ğŸ™Ÿ,128607,0x1f65f
ğŸ™ ,128608,0x1f660
ğŸ™¡,128609,0x1f661
ğŸ™¢,128610,0x1f662
ğŸ™£,128611,0x1f663
ğŸ™¤,128612,0x1f664
ğŸ™¥,128613,0x1f665
ğŸ™¦,128614,0x1f666
ğŸ™§,128615,0x1f667
ğŸ™¨,128616,0x1f668
ğŸ™©,128617,0x1f669
ğŸ™ª,128618,0x1f66a
ğŸ™«,128619,0x1f66b
ğŸ™¬,128620,0x1f66c
ğŸ™­,128621,0x1f66d
ğŸ™®,128622,0x1f66e
ğŸ™¯,128623,0x1f66f
ğŸ™°,128624,0x1f670
ğŸ™±,128625,0x1f671
ğŸ™²,128626,0x1f672
ğŸ™³,128627,0x1f673
ğŸ™´,128628,0x1f674
ğŸ™µ,128629,0x1f675
ğŸ™¶,128630,0x1f676
ğŸ™·,128631,0x1f677
ğŸ™¸,128632,0x1f678
ğŸ™¹,128633,0x1f679
ğŸ™º,128634,0x1f67a
ğŸ™»,128635,0x1f67b
ğŸ™¼,128636,0x1f67c
ğŸ™½,128637,0x1f67d
ğŸ™¾,128638,0x1f67e
ğŸ™¿,128639,0x1f67f
ğŸš€,128640,0x1f680
ğŸš,128641,0x1f681
ğŸš‚,128642,0x1f682
ğŸšƒ,128643,0x1f683
ğŸš„,128644,0x1f684
ğŸš…,128645,0x1f685
ğŸš†,128646,0x1f686
ğŸš‡,128647,0x1f687
ğŸšˆ,128648,0x1f688
ğŸš‰,128649,0x1f689
ğŸšŠ,128650,0x1f68a
ğŸš‹,128651,0x1f68b
ğŸšŒ,128652,0x1f68c
ğŸš,128653,0x1f68d
ğŸš,128654,0x1f68e
ğŸš,128655,0x1f68f
ğŸš,128656,0x1f690
ğŸš‘,128657,0x1f691
ğŸš’,128658,0x1f692
ğŸš“,128659,0x1f693
ğŸš”,128660,0x1f694
ğŸš•,128661,0x1f695
ğŸš–,128662,0x1f696
ğŸš—,128663,0x1f697
ğŸš˜,128664,0x1f698
ğŸš™,128665,0x1f699
ğŸšš,128666,0x1f69a
ğŸš›,128667,0x1f69b
ğŸšœ,128668,0x1f69c
ğŸš,128669,0x1f69d
ğŸš,128670,0x1f69e
ğŸšŸ,128671,0x1f69f
ğŸš ,128672,0x1f6a0
ğŸš¡,128673,0x1f6a1
ğŸš¢,128674,0x1f6a2
ğŸš£,128675,0x1f6a3
ğŸš¤,128676,0x1f6a4
ğŸš¥,128677,0x1f6a5
ğŸš¦,128678,0x1f6a6
ğŸš§,128679,0x1f6a7
ğŸš¨,128680,0x1f6a8
ğŸš©,128681,0x1f6a9
ğŸšª,128682,0x1f6aa
ğŸš«,128683,0x1f6ab
ğŸš¬,128684,0x1f6ac
ğŸš­,128685,0x1f6ad
ğŸš®,128686,0x1f6ae
ğŸš¯,128687,0x1f6af
ğŸš°,128688,0x1f6b0
ğŸš±,128689,0x1f6b1
ğŸš²,128690,0x1f6b2
ğŸš³,128691,0x1f6b3
ğŸš´,128692,0x1f6b4
ğŸšµ,128693,0x1f6b5
ğŸš¶,128694,0x1f6b6
ğŸš·,128695,0x1f6b7
ğŸš¸,128696,0x1f6b8
ğŸš¹,128697,0x1f6b9
ğŸšº,128698,0x1f6ba
ğŸš»,128699,0x1f6bb
ğŸš¼,128700,0x1f6bc
ğŸš½,128701,0x1f6bd
ğŸš¾,128702,0x1f6be
ğŸš¿,128703,0x1f6bf
ğŸ›€,128704,0x1f6c0
ğŸ›,128705,0x1f6c1
ğŸ›‚,128706,0x1f6c2
ğŸ›ƒ,128707,0x1f6c3
ğŸ›„,128708,0x1f6c4
ğŸ›…,128709,0x1f6c5
ğŸ›†,128710,0x1f6c6
ğŸ›‡,128711,0x1f6c7
ğŸ›ˆ,128712,0x1f6c8
ğŸ›‰,128713,0x1f6c9
ğŸ›Š,128714,0x1f6ca
ğŸ›‹,128715,0x1f6cb
ğŸ›Œ,128716,0x1f6cc
ğŸ›,128717,0x1f6cd
ğŸ›,128718,0x1f6ce
ğŸ›,128719,0x1f6cf
ğŸ›,128720,0x1f6d0
ğŸ›‘,128721,0x1f6d1
ğŸ›’,128722,0x1f6d2

ğŸ› ,128736,0x1f6e0
ğŸ›¡,128737,0x1f6e1
ğŸ›¢,128738,0x1f6e2
ğŸ›£,128739,0x1f6e3
ğŸ›¤,128740,0x1f6e4
ğŸ›¥,128741,0x1f6e5
ğŸ›¦,128742,0x1f6e6
ğŸ›§,128743,0x1f6e7
ğŸ›¨,128744,0x1f6e8
ğŸ›©,128745,0x1f6e9
ğŸ›ª,128746,0x1f6ea
ğŸ›«,128747,0x1f6eb
ğŸ›¬,128748,0x1f6ec
ğŸ›­,128749,0x1f6ed
ğŸ›®,128750,0x1f6ee
ğŸ›¯,128751,0x1f6ef
ğŸ›°,128752,0x1f6f0
ğŸ›±,128753,0x1f6f1
ğŸ›²,128754,0x1f6f2
ğŸ›³,128755,0x1f6f3
ğŸ›´,128756,0x1f6f4
ğŸ›µ,128757,0x1f6f5
ğŸ›¶,128758,0x1f6f6
ğŸ›·,128759,0x1f6f7
ğŸ›¸,128760,0x1f6f8

ğŸœ€,128768,0x1f700
ğŸœ,128769,0x1f701
ğŸœ‚,128770,0x1f702
ğŸœƒ,128771,0x1f703
ğŸœ„,128772,0x1f704
ğŸœ…,128773,0x1f705
ğŸœ†,128774,0x1f706
ğŸœ‡,128775,0x1f707
ğŸœˆ,128776,0x1f708
ğŸœ‰,128777,0x1f709
ğŸœŠ,128778,0x1f70a
ğŸœ‹,128779,0x1f70b
ğŸœŒ,128780,0x1f70c
ğŸœ,128781,0x1f70d
ğŸœ,128782,0x1f70e
ğŸœ,128783,0x1f70f
ğŸœ,128784,0x1f710
ğŸœ‘,128785,0x1f711
ğŸœ’,128786,0x1f712
ğŸœ“,128787,0x1f713
ğŸœ”,128788,0x1f714
ğŸœ•,128789,0x1f715
ğŸœ–,128790,0x1f716
ğŸœ—,128791,0x1f717
ğŸœ˜,128792,0x1f718
ğŸœ™,128793,0x1f719
ğŸœš,128794,0x1f71a
ğŸœ›,128795,0x1f71b
ğŸœœ,128796,0x1f71c
ğŸœ,128797,0x1f71d
ğŸœ,128798,0x1f71e
ğŸœŸ,128799,0x1f71f
ğŸœ ,128800,0x1f720
ğŸœ¡,128801,0x1f721
ğŸœ¢,128802,0x1f722
ğŸœ£,128803,0x1f723
ğŸœ¤,128804,0x1f724
ğŸœ¥,128805,0x1f725
ğŸœ¦,128806,0x1f726
ğŸœ§,128807,0x1f727
ğŸœ¨,128808,0x1f728
ğŸœ©,128809,0x1f729
ğŸœª,128810,0x1f72a
ğŸœ«,128811,0x1f72b
ğŸœ¬,128812,0x1f72c
ğŸœ­,128813,0x1f72d
ğŸœ®,128814,0x1f72e
ğŸœ¯,128815,0x1f72f
ğŸœ°,128816,0x1f730
ğŸœ±,128817,0x1f731
ğŸœ²,128818,0x1f732
ğŸœ³,128819,0x1f733
ğŸœ´,128820,0x1f734
ğŸœµ,128821,0x1f735
ğŸœ¶,128822,0x1f736
ğŸœ·,128823,0x1f737
ğŸœ¸,128824,0x1f738
ğŸœ¹,128825,0x1f739
ğŸœº,128826,0x1f73a
ğŸœ»,128827,0x1f73b
ğŸœ¼,128828,0x1f73c
ğŸœ½,128829,0x1f73d
ğŸœ¾,128830,0x1f73e
ğŸœ¿,128831,0x1f73f
ğŸ€,128832,0x1f740
ğŸ,128833,0x1f741
ğŸ‚,128834,0x1f742
ğŸƒ,128835,0x1f743
ğŸ„,128836,0x1f744
ğŸ…,128837,0x1f745
ğŸ†,128838,0x1f746
ğŸ‡,128839,0x1f747
ğŸˆ,128840,0x1f748
ğŸ‰,128841,0x1f749
ğŸŠ,128842,0x1f74a
ğŸ‹,128843,0x1f74b
ğŸŒ,128844,0x1f74c
ğŸ,128845,0x1f74d
ğŸ,128846,0x1f74e
ğŸ,128847,0x1f74f
ğŸ,128848,0x1f750
ğŸ‘,128849,0x1f751
ğŸ’,128850,0x1f752
ğŸ“,128851,0x1f753
ğŸ”,128852,0x1f754
ğŸ•,128853,0x1f755
ğŸ–,128854,0x1f756
ğŸ—,128855,0x1f757
ğŸ˜,128856,0x1f758
ğŸ™,128857,0x1f759
ğŸš,128858,0x1f75a
ğŸ›,128859,0x1f75b
ğŸœ,128860,0x1f75c
ğŸ,128861,0x1f75d
ğŸ,128862,0x1f75e
ğŸŸ,128863,0x1f75f
ğŸ ,128864,0x1f760
ğŸ¡,128865,0x1f761
ğŸ¢,128866,0x1f762
ğŸ£,128867,0x1f763
ğŸ¤,128868,0x1f764
ğŸ¥,128869,0x1f765
ğŸ¦,128870,0x1f766
ğŸ§,128871,0x1f767
ğŸ¨,128872,0x1f768
ğŸ©,128873,0x1f769
ğŸª,128874,0x1f76a
ğŸ«,128875,0x1f76b
ğŸ¬,128876,0x1f76c
ğŸ­,128877,0x1f76d
ğŸ®,128878,0x1f76e
ğŸ¯,128879,0x1f76f
ğŸ°,128880,0x1f770
ğŸ±,128881,0x1f771
ğŸ²,128882,0x1f772
ğŸ³,128883,0x1f773

ğŸ€,128896,0x1f780
ğŸ,128897,0x1f781
ğŸ‚,128898,0x1f782
ğŸƒ,128899,0x1f783
ğŸ„,128900,0x1f784
ğŸ…,128901,0x1f785
ğŸ†,128902,0x1f786
ğŸ‡,128903,0x1f787
ğŸˆ,128904,0x1f788
ğŸ‰,128905,0x1f789
ğŸŠ,128906,0x1f78a
ğŸ‹,128907,0x1f78b
ğŸŒ,128908,0x1f78c
ğŸ,128909,0x1f78d
ğŸ,128910,0x1f78e
ğŸ,128911,0x1f78f
ğŸ,128912,0x1f790
ğŸ‘,128913,0x1f791
ğŸ’,128914,0x1f792
ğŸ“,128915,0x1f793
ğŸ”,128916,0x1f794
ğŸ•,128917,0x1f795
ğŸ–,128918,0x1f796
ğŸ—,128919,0x1f797
ğŸ˜,128920,0x1f798
ğŸ™,128921,0x1f799
ğŸš,128922,0x1f79a
ğŸ›,128923,0x1f79b
ğŸœ,128924,0x1f79c
ğŸ,128925,0x1f79d
ğŸ,128926,0x1f79e
ğŸŸ,128927,0x1f79f
ğŸ ,128928,0x1f7a0
ğŸ¡,128929,0x1f7a1
ğŸ¢,128930,0x1f7a2
ğŸ£,128931,0x1f7a3
ğŸ¤,128932,0x1f7a4
ğŸ¥,128933,0x1f7a5
ğŸ¦,128934,0x1f7a6
ğŸ§,128935,0x1f7a7
ğŸ¨,128936,0x1f7a8
ğŸ©,128937,0x1f7a9
ğŸª,128938,0x1f7aa
ğŸ«,128939,0x1f7ab
ğŸ¬,128940,0x1f7ac
ğŸ­,128941,0x1f7ad
ğŸ®,128942,0x1f7ae
ğŸ¯,128943,0x1f7af
ğŸ°,128944,0x1f7b0
ğŸ±,128945,0x1f7b1
ğŸ²,128946,0x1f7b2
ğŸ³,128947,0x1f7b3
ğŸ´,128948,0x1f7b4
ğŸµ,128949,0x1f7b5
ğŸ¶,128950,0x1f7b6
ğŸ·,128951,0x1f7b7
ğŸ¸,128952,0x1f7b8
ğŸ¹,128953,0x1f7b9
ğŸº,128954,0x1f7ba
ğŸ»,128955,0x1f7bb
ğŸ¼,128956,0x1f7bc
ğŸ½,128957,0x1f7bd
ğŸ¾,128958,0x1f7be
ğŸ¿,128959,0x1f7bf
ğŸŸ€,128960,0x1f7c0
ğŸŸ,128961,0x1f7c1
ğŸŸ‚,128962,0x1f7c2
ğŸŸƒ,128963,0x1f7c3
ğŸŸ„,128964,0x1f7c4
ğŸŸ…,128965,0x1f7c5
ğŸŸ†,128966,0x1f7c6
ğŸŸ‡,128967,0x1f7c7
ğŸŸˆ,128968,0x1f7c8
ğŸŸ‰,128969,0x1f7c9
ğŸŸŠ,128970,0x1f7ca
ğŸŸ‹,128971,0x1f7cb
ğŸŸŒ,128972,0x1f7cc
ğŸŸ,128973,0x1f7cd
ğŸŸ,128974,0x1f7ce
ğŸŸ,128975,0x1f7cf
ğŸŸ,128976,0x1f7d0
ğŸŸ‘,128977,0x1f7d1
ğŸŸ’,128978,0x1f7d2
ğŸŸ“,128979,0x1f7d3
ğŸŸ”,128980,0x1f7d4

ğŸ €,129024,0x1f800
ğŸ ,129025,0x1f801
ğŸ ‚,129026,0x1f802
ğŸ ƒ,129027,0x1f803
ğŸ „,129028,0x1f804
ğŸ …,129029,0x1f805
ğŸ †,129030,0x1f806
ğŸ ‡,129031,0x1f807
ğŸ ˆ,129032,0x1f808
ğŸ ‰,129033,0x1f809
ğŸ Š,129034,0x1f80a
ğŸ ‹,129035,0x1f80b
ğŸ Œ,129036,0x1f80c
ğŸ ,129037,0x1f80d
ğŸ ,129038,0x1f80e
ğŸ ,129039,0x1f80f
ğŸ ,129040,0x1f810
ğŸ ‘,129041,0x1f811
ğŸ ’,129042,0x1f812
ğŸ “,129043,0x1f813
ğŸ ”,129044,0x1f814
ğŸ •,129045,0x1f815
ğŸ –,129046,0x1f816
ğŸ —,129047,0x1f817
ğŸ ˜,129048,0x1f818
ğŸ ™,129049,0x1f819
ğŸ š,129050,0x1f81a
ğŸ ›,129051,0x1f81b
ğŸ œ,129052,0x1f81c
ğŸ ,129053,0x1f81d
ğŸ ,129054,0x1f81e
ğŸ Ÿ,129055,0x1f81f
ğŸ  ,129056,0x1f820
ğŸ ¡,129057,0x1f821
ğŸ ¢,129058,0x1f822
ğŸ £,129059,0x1f823
ğŸ ¤,129060,0x1f824
ğŸ ¥,129061,0x1f825
ğŸ ¦,129062,0x1f826
ğŸ §,129063,0x1f827
ğŸ ¨,129064,0x1f828
ğŸ ©,129065,0x1f829
ğŸ ª,129066,0x1f82a
ğŸ «,129067,0x1f82b
ğŸ ¬,129068,0x1f82c
ğŸ ­,129069,0x1f82d
ğŸ ®,129070,0x1f82e
ğŸ ¯,129071,0x1f82f
ğŸ °,129072,0x1f830
ğŸ ±,129073,0x1f831
ğŸ ²,129074,0x1f832
ğŸ ³,129075,0x1f833
ğŸ ´,129076,0x1f834
ğŸ µ,129077,0x1f835
ğŸ ¶,129078,0x1f836
ğŸ ·,129079,0x1f837
ğŸ ¸,129080,0x1f838
ğŸ ¹,129081,0x1f839
ğŸ º,129082,0x1f83a
ğŸ »,129083,0x1f83b
ğŸ ¼,129084,0x1f83c
ğŸ ½,129085,0x1f83d
ğŸ ¾,129086,0x1f83e
ğŸ ¿,129087,0x1f83f
ğŸ¡€,129088,0x1f840
ğŸ¡,129089,0x1f841
ğŸ¡‚,129090,0x1f842
ğŸ¡ƒ,129091,0x1f843
ğŸ¡„,129092,0x1f844
ğŸ¡…,129093,0x1f845
ğŸ¡†,129094,0x1f846
ğŸ¡‡,129095,0x1f847

ğŸ¡,129104,0x1f850
ğŸ¡‘,129105,0x1f851
ğŸ¡’,129106,0x1f852
ğŸ¡“,129107,0x1f853
ğŸ¡”,129108,0x1f854
ğŸ¡•,129109,0x1f855
ğŸ¡–,129110,0x1f856
ğŸ¡—,129111,0x1f857
ğŸ¡˜,129112,0x1f858
ğŸ¡™,129113,0x1f859

ğŸ¡ ,129120,0x1f860
ğŸ¡¡,129121,0x1f861
ğŸ¡¢,129122,0x1f862
ğŸ¡£,129123,0x1f863
ğŸ¡¤,129124,0x1f864
ğŸ¡¥,129125,0x1f865
ğŸ¡¦,129126,0x1f866
ğŸ¡§,129127,0x1f867
ğŸ¡¨,129128,0x1f868
ğŸ¡©,129129,0x1f869
ğŸ¡ª,129130,0x1f86a
ğŸ¡«,129131,0x1f86b
ğŸ¡¬,129132,0x1f86c
ğŸ¡­,129133,0x1f86d
ğŸ¡®,129134,0x1f86e
ğŸ¡¯,129135,0x1f86f
ğŸ¡°,129136,0x1f870
ğŸ¡±,129137,0x1f871
ğŸ¡²,129138,0x1f872
ğŸ¡³,129139,0x1f873
ğŸ¡´,129140,0x1f874
ğŸ¡µ,129141,0x1f875
ğŸ¡¶,129142,0x1f876
ğŸ¡·,129143,0x1f877
ğŸ¡¸,129144,0x1f878
ğŸ¡¹,129145,0x1f879
ğŸ¡º,129146,0x1f87a
ğŸ¡»,129147,0x1f87b
ğŸ¡¼,129148,0x1f87c
ğŸ¡½,129149,0x1f87d
ğŸ¡¾,129150,0x1f87e
ğŸ¡¿,129151,0x1f87f
ğŸ¢€,129152,0x1f880
ğŸ¢,129153,0x1f881
ğŸ¢‚,129154,0x1f882
ğŸ¢ƒ,129155,0x1f883
ğŸ¢„,129156,0x1f884
ğŸ¢…,129157,0x1f885
ğŸ¢†,129158,0x1f886
ğŸ¢‡,129159,0x1f887

ğŸ¢,129168,0x1f890
ğŸ¢‘,129169,0x1f891
ğŸ¢’,129170,0x1f892
ğŸ¢“,129171,0x1f893
ğŸ¢”,129172,0x1f894
ğŸ¢•,129173,0x1f895
ğŸ¢–,129174,0x1f896
ğŸ¢—,129175,0x1f897
ğŸ¢˜,129176,0x1f898
ğŸ¢™,129177,0x1f899
ğŸ¢š,129178,0x1f89a
ğŸ¢›,129179,0x1f89b
ğŸ¢œ,129180,0x1f89c
ğŸ¢,129181,0x1f89d
ğŸ¢,129182,0x1f89e
ğŸ¢Ÿ,129183,0x1f89f
ğŸ¢ ,129184,0x1f8a0
ğŸ¢¡,129185,0x1f8a1
ğŸ¢¢,129186,0x1f8a2
ğŸ¢£,129187,0x1f8a3
ğŸ¢¤,129188,0x1f8a4
ğŸ¢¥,129189,0x1f8a5
ğŸ¢¦,129190,0x1f8a6
ğŸ¢§,129191,0x1f8a7
ğŸ¢¨,129192,0x1f8a8
ğŸ¢©,129193,0x1f8a9
ğŸ¢ª,129194,0x1f8aa
ğŸ¢«,129195,0x1f8ab
ğŸ¢¬,129196,0x1f8ac
ğŸ¢­,129197,0x1f8ad

ğŸ¤,129296,0x1f910
ğŸ¤‘,129297,0x1f911
ğŸ¤’,129298,0x1f912
ğŸ¤“,129299,0x1f913
ğŸ¤”,129300,0x1f914
ğŸ¤•,129301,0x1f915
ğŸ¤–,129302,0x1f916
ğŸ¤—,129303,0x1f917
ğŸ¤˜,129304,0x1f918
ğŸ¤™,129305,0x1f919
ğŸ¤š,129306,0x1f91a
ğŸ¤›,129307,0x1f91b
ğŸ¤œ,129308,0x1f91c
ğŸ¤,129309,0x1f91d
ğŸ¤,129310,0x1f91e
ğŸ¤Ÿ,129311,0x1f91f
ğŸ¤ ,129312,0x1f920
ğŸ¤¡,129313,0x1f921
ğŸ¤¢,129314,0x1f922
ğŸ¤£,129315,0x1f923
ğŸ¤¤,129316,0x1f924
ğŸ¤¥,129317,0x1f925
ğŸ¤¦,129318,0x1f926
ğŸ¤§,129319,0x1f927
ğŸ¤¨,129320,0x1f928
ğŸ¤©,129321,0x1f929
ğŸ¤ª,129322,0x1f92a
ğŸ¤«,129323,0x1f92b
ğŸ¤¬,129324,0x1f92c
ğŸ¤­,129325,0x1f92d
ğŸ¤®,129326,0x1f92e
ğŸ¤¯,129327,0x1f92f
ğŸ¤°,129328,0x1f930
ğŸ¤±,129329,0x1f931
ğŸ¤²,129330,0x1f932
ğŸ¤³,129331,0x1f933
ğŸ¤´,129332,0x1f934
ğŸ¤µ,129333,0x1f935
ğŸ¤¶,129334,0x1f936
ğŸ¤·,129335,0x1f937
ğŸ¤¸,129336,0x1f938
ğŸ¤¹,129337,0x1f939
ğŸ¤º,129338,0x1f93a
ğŸ¤»,129339,0x1f93b
ğŸ¤¼,129340,0x1f93c
ğŸ¤½,129341,0x1f93d
ğŸ¤¾,129342,0x1f93e

ğŸ¥€,129344,0x1f940
ğŸ¥,129345,0x1f941
ğŸ¥‚,129346,0x1f942
ğŸ¥ƒ,129347,0x1f943
ğŸ¥„,129348,0x1f944
ğŸ¥…,129349,0x1f945

ğŸ¥‡,129351,0x1f947
ğŸ¥ˆ,129352,0x1f948
ğŸ¥‰,129353,0x1f949
ğŸ¥Š,129354,0x1f94a
ğŸ¥‹,129355,0x1f94b
ğŸ¥Œ,129356,0x1f94c

ğŸ¥,129360,0x1f950
ğŸ¥‘,129361,0x1f951
ğŸ¥’,129362,0x1f952
ğŸ¥“,129363,0x1f953
ğŸ¥”,129364,0x1f954
ğŸ¥•,129365,0x1f955
ğŸ¥–,129366,0x1f956
ğŸ¥—,129367,0x1f957
ğŸ¥˜,129368,0x1f958
ğŸ¥™,129369,0x1f959
ğŸ¥š,129370,0x1f95a
ğŸ¥›,129371,0x1f95b
ğŸ¥œ,129372,0x1f95c
ğŸ¥,129373,0x1f95d
ğŸ¥,129374,0x1f95e
ğŸ¥Ÿ,129375,0x1f95f
ğŸ¥ ,129376,0x1f960
ğŸ¥¡,129377,0x1f961
ğŸ¥¢,129378,0x1f962
ğŸ¥£,129379,0x1f963
ğŸ¥¤,129380,0x1f964
ğŸ¥¥,129381,0x1f965
ğŸ¥¦,129382,0x1f966
ğŸ¥§,129383,0x1f967
ğŸ¥¨,129384,0x1f968
ğŸ¥©,129385,0x1f969
ğŸ¥ª,129386,0x1f96a
ğŸ¥«,129387,0x1f96b

ğŸ¦€,129408,0x1f980
ğŸ¦,129409,0x1f981
ğŸ¦‚,129410,0x1f982
ğŸ¦ƒ,129411,0x1f983
ğŸ¦„,129412,0x1f984
ğŸ¦…,129413,0x1f985
ğŸ¦†,129414,0x1f986
ğŸ¦‡,129415,0x1f987
ğŸ¦ˆ,129416,0x1f988
ğŸ¦‰,129417,0x1f989
ğŸ¦Š,129418,0x1f98a
ğŸ¦‹,129419,0x1f98b
ğŸ¦Œ,129420,0x1f98c
ğŸ¦,129421,0x1f98d
ğŸ¦,129422,0x1f98e
ğŸ¦,129423,0x1f98f
ğŸ¦,129424,0x1f990
ğŸ¦‘,129425,0x1f991
ğŸ¦’,129426,0x1f992
ğŸ¦“,129427,0x1f993
ğŸ¦”,129428,0x1f994
ğŸ¦•,129429,0x1f995
ğŸ¦–,129430,0x1f996
ğŸ¦—,129431,0x1f997

ğŸ§€,129472,0x1f9c0

ğŸ§,129488,0x1f9d0
ğŸ§‘,129489,0x1f9d1
ğŸ§’,129490,0x1f9d2
ğŸ§“,129491,0x1f9d3
ğŸ§”,129492,0x1f9d4
ğŸ§•,129493,0x1f9d5
ğŸ§–,129494,0x1f9d6
ğŸ§—,129495,0x1f9d7
ğŸ§˜,129496,0x1f9d8
ğŸ§™,129497,0x1f9d9
ğŸ§š,129498,0x1f9da
ğŸ§›,129499,0x1f9db
ğŸ§œ,129500,0x1f9dc
ğŸ§,129501,0x1f9dd
ğŸ§,129502,0x1f9de
ğŸ§Ÿ,129503,0x1f9df
ğŸ§ ,129504,0x1f9e0
ğŸ§¡,129505,0x1f9e1
ğŸ§¢,129506,0x1f9e2
ğŸ§£,129507,0x1f9e3
ğŸ§¤,129508,0x1f9e4
ğŸ§¥,129509,0x1f9e5
ğŸ§¦,129510,0x1f9e6